feature,correlation_with_satisfaction
Satisfaction,1.0
Tourist Rating,0.8536111225045407
Tour Duration,0.0335569583645127
Age,0.017986601217551277
System Response Time,0.012025424723916706
Preferred Tour Duration,0.008986264678836281
VR Experience Quality,0.004741428898651219
Recommendation Accuracy,-0.002453197047397231
