Tour Duration,high_satisfaction_rate,avg_rating,records
1,0.3752212389380531,2.973805309734513,565
2,0.3914780292942743,3.0002663115845536,751
3,0.3641791044776119,2.945074626865672,1005
4,0.4133148404993065,3.0592233009708734,721
5,0.38545953360768176,3.028395061728395,729
6,0.3548895899053628,2.953943217665615,634
7,0.41456582633053224,2.9935574229691877,357
8,0.4764705882352941,3.191764705882353,170
9,0.5,3.2794117647058822,68
