Preferred Tour Duration,high_satisfaction_rate,avg_rating,records
3,0.3762019230769231,2.9914663461538464,832
4,0.36319018404907977,2.9598773006134973,815
5,0.38625,3.01675,800
6,0.4044032444959444,3.042989571263036,863
7,0.4011904761904762,2.999642857142857,840
8,0.3941176470588235,3.0038823529411767,850
