Site Name,high_satisfaction_rate,avg_rating,records
Eiffel Tower,0.4045499505440158,3.017507418397626,1011
Machu Picchu,0.39390862944162436,3.020913705583756,985
Colosseum,0.3937246963562753,2.992408906882591,988
Taj Mahal,0.37587238285144564,2.98085742771685,1003
Great Wall of China,0.3711747285291214,3.0020730503455084,1013
